,mnemonics,label
0,TENS,CABLE TENSION
0,BIT,BIT SIZE
1,ACAL,CALIPER
2,C1,CALIPER
3,C13,CALIPER
4,C13A,CALIPER
5,C13-A,CALIPER
6,C13H,CALIPER
7,C13I,CALIPER
8,C13L,CALIPER
9,C13M,CALIPER
10,C13P,CALIPER
11,C13Z,CALIPER
12,C2,CALIPER
13,C24,CALIPER
14,C24A,CALIPER
15,C24-A,CALIPER
16,C24H,CALIPER
17,C24I,CALIPER
18,C24L,CALIPER
19,C24M,CALIPER
20,C24P,CALIPER
21,C24Z,CALIPER
22,CA,CALIPER
23,CA1,CALIPER
24,CA2,CALIPER
25,CADE,CALIPER
26,CADF,CALIPER
27,CAL,CALIPER
28,CAL1,CALIPER
29,CAL2,CALIPER
30,CAL3,CALIPER
31,CALA,CALIPER
32,CAL-A,CALIPER
33,CALD,CALIPER
34,CALE,CALIPER
35,CALH,CALIPER
36,CALI,CALIPER
37,CALIPER,CALIPER
38,CALI_SPCS,CALIPER
39,CALL,CALIPER
40,CALM,CALIPER
41,CALN,CALIPER
42,CALP,CALIPER
43,CALS,CALIPER
44,CALT,CALIPER
45,CALX,CALIPER
46,CALX-A,CALIPER
47,CALXH,CALIPER
48,CALXM,CALIPER
49,CALX-ML,CALIPER
50,CALXQ8,CALIPER
51,CALXQH,CALIPER
52,CALX-R,CALIPER
53,CALY,CALIPER
54,CALY-A,CALIPER
55,CALYH,CALIPER
56,CALYM,CALIPER
57,CALY-ML,CALIPER
58,CALYQ8,CALIPER
59,CALYQH,CALIPER
60,CALZ,CALIPER
61,CANC,CALIPER
62,CAPD,CALIPER
63,CAX,CALIPER
64,CAY,CALIPER
65,CLCM,CALIPER
66,CLDC,CALIPER
67,CLDM,CALIPER
68,CLLO,CALIPER
69,CLTC,CALIPER
70,CLXC,CALIPER
71,CLYC,CALIPER
72,CQLI,CALIPER
73,DCAL,CALIPER
74,HCAL,CALIPER
75,HCAL2,CALIPER
76,HCALI,CALIPER
77,HCALX,CALIPER
78,HCALY,CALIPER
79,HD,CALIPER
80,HD_1,CALIPER
81,HD1,CALIPER
82,HD2,CALIPER
83,HD3,CALIPER
84,HDAR,CALIPER
85,HDIA,CALIPER
86,HDMI,CALIPER
87,HDMN,CALIPER
88,HDMX,CALIPER
89,HLCA,CALIPER
90,LCAL,CALIPER
91,MCAL,CALIPER
92,MLTC,CALIPER
93,SA,CALIPER
94,TAC2,CALIPER
95,C3,CALIPER
96,CLS2,CALIPER
97,HHCA,CALIPER
98,MBTC,CALIPER
99,TACC,CALIPER
100,2DRH,DENSITY CORRECTION
101,DC,DENSITY CORRECTION
102,DCOR,DENSITY CORRECTION
103,DECR,DENSITY CORRECTION
104,DEPT,DEPTH
105,DEPTH,DEPTH
106,DRH,DENSITY CORRECTION
107,DRHO,DENSITY CORRECTION
108,HBDC,DENSITY CORRECTION
109,HDRA,DENSITY CORRECTION
110,HDRH,DENSITY CORRECTION
111,HHDRA,DENSITY CORRECTION
112,RHOC CDL,DENSITY CORRECTION
113,RHOC,FORMATION DENSITY
114,RPCL_DCOR,DENSITY CORRECTION
115,ZCOR,DENSITY CORRECTION
116,ZCOR2,DENSITY CORRECTION
117,ZCOR2QH,DENSITY CORRECTION
118,ZCORQH,DENSITY CORRECTION
119,HHDR,DENSITY CORRECTION
120,Z-COR,DENSITY CORRECTION
121,AC,SONIC TRAVEL TIME
122,ACCO,SONIC TRAVEL TIME
123,ACL,SONIC TRAVEL TIME
124,ACN,SONIC TRAVEL TIME
125,DT,SONIC TRAVEL TIME
126,DT24,SONIC TRAVEL TIME
127,DT24-A,SONIC TRAVEL TIME
128,DT24AQI,SONIC TRAVEL TIME
129,DT24QI,SONIC TRAVEL TIME
130,DT24SQA,SONIC TRAVEL TIME
131,DT34,SONIC TRAVEL TIME
132,DT35,SONIC TRAVEL TIME
133,DT41,SONIC TRAVEL TIME
134,DT4P,SONIC TRAVEL TIME
135,DT4P_C,SONIC TRAVEL TIME
136,DT5,SONIC TRAVEL TIME
137,DTC,SONIC TRAVEL TIME
138,DTC1,SONIC TRAVEL TIME
139,DTC2,SONIC TRAVEL TIME
140,DTCA,SONIC TRAVEL TIME
141,DTCM,SONIC TRAVEL TIME
142,DTCO,SONIC TRAVEL TIME
143,DTCR,SONIC TRAVEL TIME
144,DTCX,SONIC TRAVEL TIME
145,DTL,SONIC TRAVEL TIME
146,DTLF,SONIC TRAVEL TIME
147,DTMN,SONIC TRAVEL TIME
148,DTMX,SONIC TRAVEL TIME
149,DTP,SONIC TRAVEL TIME
150,DTSC,SONIC TRAVEL TIME
151,TTC,SONIC TRAVEL TIME
152,AC1,SONIC TRAVEL TIME
153,MSTT,SONIC TRAVEL TIME
154,VEL,SONIC TRAVEL TIME
155,D4S,SHEAR SONIC
156,DT4S,SHEAR SONIC
157,DTS,SHEAR SONIC
158,DTSD,SHEAR SONIC
159,DTSF,SHEAR SONIC
160,DTSS,SHEAR SONIC
161,SHSL,SHEAR SONIC
162,TTS,SHEAR SONIC
163,ACPD,SONIC POROSITY
164,ACPL,SONIC POROSITY
165,ACPS,SONIC POROSITY
166,PORA,SONIC POROSITY
167,RPHI,SONIC POROSITY
168,SPHI,SONIC POROSITY
169,SPSS,SONIC POROSITY
170,SPOR,SONIC POROSITY
171,TPHI,SONIC POROSITY
172,CGR,GAMMA RAY
173,ECGR,GAMMA RAY
174,EHGR,GAMMA RAY
175,G,GAMMA RAY
176,GAB,GAMMA RAY
177,GAM,GAMMA RAY
178,GAM1,GAMMA RAY
179,GAPI,GAMMA RAY
180,GGCE,GAMMA RAY
181,GR,GAMMA RAY
182,GR,GAMMA RAY
183,GR_AR,GAMMA RAY
184,GR_ARC_FILT,GAMMA RAY
185,GR_STGC,GAMMA RAY
186,GR1,GAMMA RAY
187,GR-1A,GAMMA RAY
188,GR2,GAMMA RAY
189,GR-5A,GAMMA RAY
190,GRA,GAMMA RAY
191,GR-A,GAMMA RAY
192,GRC,GAMMA RAY
193,GRCO,GAMMA RAY
194,GRDA,GAMMA RAY
195,GRDE,GAMMA RAY
196,GRDI,GAMMA RAY
197,GRG,GAMMA RAY
198,GRGC,GAMMA RAY
199,GRGM,GAMMA RAY
200,GRGS,GAMMA RAY
201,GRH,GAMMA RAY
202,GRHD,GAMMA RAY
203,GRI,GAMMA RAY
204,GR-I,GAMMA RAY
205,GRLL,GAMMA RAY
206,GRML,GAMMA RAY
207,GR-ML,GAMMA RAY
208,GRN,GAMMA RAY
209,GRNC,GAMMA RAY
210,GRNP,GAMMA RAY
211,GRP,GAMMA RAY
212,GRPD,GAMMA RAY
213,GRQH,GAMMA RAY
214,GRR,GAMMA RAY
215,GR-R,GAMMA RAY
216,GRSD,GAMMA RAY
217,GRSL,GAMMA RAY
218,GRZ,GAMMA RAY
219,GRZD,GAMMA RAY
220,HCGR,GAMMA RAY
221,HGR,GAMMA RAY
222,HGR_STGC,GAMMA RAY
223,HGR-1A,GAMMA RAY
224,HGR-5A,GAMMA RAY
225,HHGR,GAMMA RAY
226,HSGR,GAMMA RAY
227,MGR,GAMMA RAY
228,P01LGR,GAMMA RAY
229,P02LGR,GAMMA RAY
230,P03LGR,GAMMA RAY
231,RGR,GAMMA RAY
232,SGR,GAMMA RAY
233,SGRD,GAMMA RAY
234,GRS,GAMMA RAY
235,HEHG,GAMMA RAY
236,GCPS,GAMMA RAY
237,GRM1,GAMMA RAY
238,K,SPECTRAL GAMMA RAY
239,POTA,SPECTRAL GAMMA RAY
240,HPOT,SPECTRAL GAMMA RAY
241,KCPS,SPECTRAL GAMMA RAY
242,TH,SPECTRAL GAMMA RAY
243,HTHO,SPECTRAL GAMMA RAY
244,THOR,SPECTRAL GAMMA RAY
245,TCPS,SPECTRAL GAMMA RAY
246,HURA,SPECTRAL GAMMA RAY
247,U,SPECTRAL GAMMA RAY
248,URAN,SPECTRAL GAMMA RAY
249,UCPS,SPECTRAL GAMMA RAY
250,UZ,SPECTRAL GAMMA RAY
251,2DPS,DENSITY POROSITY
252,APSC,DENSITY POROSITY
253,APSU,DENSITY POROSITY
254,DDPP,DENSITY POROSITY
255,DEPO,DENSITY POROSITY
256,DNPH,DENSITY POROSITY
257,DPH8,DENSITY POROSITY
258,DPHI,DENSITY POROSITY
259,DPHI_,DENSITY POROSITY
260,DPHI_SAN,DENSITY POROSITY
261,DPHI_SLDT,DENSITY POROSITY
262,DPHI_SLDT_HR,DENSITY POROSITY
263,DPHIS,DENSITY POROSITY
264,DPHS,DENSITY POROSITY
265,DPHZ,DENSITY POROSITY
266,DPHZSS,DENSITY POROSITY
267,DPO,DENSITY POROSITY
268,DPOR,DENSITY POROSITY
269,DPRS,DENSITY POROSITY
270,DPS8,DENSITY POROSITY
271,DPSS,DENSITY POROSITY
272,DPSZ,DENSITY POROSITY
273,HDPH,DENSITY POROSITY
274,HDPH_SAN,DENSITY POROSITY
275,HDPH8,DENSITY POROSITY
276,HDPHI,DENSITY POROSITY
277,HDPO,DENSITY POROSITY
278,HDPSS,DENSITY POROSITY
279,HFSC,DENSITY POROSITY
280,NDPH,DENSITY POROSITY
281,PDS,DENSITY POROSITY
282,POD,DENSITY POROSITY
283,POR,DENSITY POROSITY
284,PORS,DENSITY POROSITY
285,PORZ,DENSITY POROSITY
286,PORZ2QH,DENSITY POROSITY
287,PORZQH,DENSITY POROSITY
288,PORZS2,DENSITY POROSITY
289,PORZS2QH,DENSITY POROSITY
290,PORZSS,DENSITY POROSITY
291,PORZSS2,DENSITY POROSITY
292,PORZSSQH,DENSITY POROSITY
293,PXND,DENSITY POROSITY
294,PZCSS,DENSITY POROSITY
295,PZCSSQH,DENSITY POROSITY
296,PZCSSS,DENSITY POROSITY
297,PZSS,DENSITY POROSITY
298,PZSS2,DENSITY POROSITY
299,PZSS2QH,DENSITY POROSITY
300,PZSSQH,DENSITY POROSITY
301,PZSSS,DENSITY POROSITY
302,RPSS,DENSITY POROSITY
303,SSD,DENSITY POROSITY
304,DPH,DENSITY POROSITY
305,DPS1,DENSITY POROSITY
306,2RHB,DENSITY POROSITY
307,CODE,DENSITY POROSITY
308,DEN,DENSITY POROSITY
309,DENB,DENSITY POROSITY
310,HDEN,DENSITY POROSITY
311,HNDP,DENSITY POROSITY
312,HRHO,DENSITY POROSITY
313,HRHOB,DENSITY POROSITY
314,HROM,DENSITY POROSITY
315,LRHO,DENSITY POROSITY
316,NRHB,DENSITY POROSITY
317,NRHO,DENSITY POROSITY
318,RHO8,DENSITY POROSITY
319,RHOB,BULK DENSITY
320,RHOB_SLDT,DENSITY POROSITY
321,RHOI,DENSITY POROSITY
322,RHOM,DENSITY POROSITY
323,RHOS,DENSITY POROSITY
324,RHOZ,DENSITY POROSITY
325,ZDEN,DENSITY POROSITY
326,ZDEN2,DENSITY POROSITY
327,ZDEN2QH,DENSITY POROSITY
328,ZDENQH,DENSITY POROSITY
329,ZDENS,DENSITY POROSITY
330,ZDNC,DENSITY POROSITY
331,ZDNCQH,DENSITY POROSITY
332,ZDNCS,DENSITY POROSITY
333,RHL,DENSITY POROSITY
334,RHS3,DENSITY POROSITY
335,RHS4,DENSITY POROSITY
336,2DPD,DENSITY POROSITY
337,2DPH,DENSITY POROSITY
338,DPD1,DENSITY POROSITY
339,DPDL,DENSITY POROSITY
340,DPHI_DOL,DENSITY POROSITY
341,DPHI_LIM,DENSITY POROSITY
342,DPHZDL,DENSITY POROSITY
343,DPHZLS,DENSITY POROSITY
344,DPHID,DENSITY POROSITY
345,DPHIL,DENSITY POROSITY
346,DPHL,DENSITY POROSITY
347,DPL1,DENSITY POROSITY
348,DPL8,DENSITY POROSITY
349,DPLS,DENSITY POROSITY
350,DPLZ,DENSITY POROSITY
351,DPRD,DENSITY POROSITY
352,DPRL,DENSITY POROSITY
353,HDPDL,DENSITY POROSITY
354,HDPH_DOL,DENSITY POROSITY
355,HDPH_LIM,DENSITY POROSITY
356,HDPLS,DENSITY POROSITY
357,HFLC,DENSITY POROSITY
358,PDD,DENSITY POROSITY
359,PDL,DENSITY POROSITY
360,PORD,DENSITY POROSITY
361,PORL,DENSITY POROSITY
362,PORO,DENSITY POROSITY
363,PORZDL,DENSITY POROSITY
364,PORZDL2,DENSITY POROSITY
365,PORZDLQH,DENSITY POROSITY
366,PORZL2,DENSITY POROSITY
367,PORZL2QH,DENSITY POROSITY
368,PORZLS,DENSITY POROSITY
369,PORZLS2,DENSITY POROSITY
370,PORZLSQH,DENSITY POROSITY
371,PZCDL,DENSITY POROSITY
372,PZCDLQH,DENSITY POROSITY
373,PZCDLS,DENSITY POROSITY
374,PZCLS,DENSITY POROSITY
375,PZCLSQH,DENSITY POROSITY
376,PZCLSS,DENSITY POROSITY
377,PZDL,DENSITY POROSITY
378,PZDL2,DENSITY POROSITY
379,PZDL2QH,DENSITY POROSITY
380,PZDLQH,DENSITY POROSITY
381,PZDLS,DENSITY POROSITY
382,PZLS,DENSITY POROSITY
383,PZLS2,DENSITY POROSITY
384,PZLS2QH,DENSITY POROSITY
385,PZLSQH,DENSITY POROSITY
386,PZLSS,DENSITY POROSITY
387,RPDL,DENSITY POROSITY
388,CN,NEUTRON POROSITY
389,CNC,NEUTRON POROSITY
390,CNCS,NEUTRON POROSITY
391,CNCSGS,NEUTRON POROSITY
392,CNCSS,NEUTRON POROSITY
393,CNCSSQH,NEUTRON POROSITY
394,CNSS,NEUTRON POROSITY
395,FNPS,NEUTRON POROSITY
396,FPSC,NEUTRON POROSITY
397,HASC,NEUTRON POROSITY
398,HHNPO,NEUTRON POROSITY
399,HNPHI,NEUTRON POROSITY
400,HNPO,NEUTRON POROSITY
401,HNPO_SAN,NEUTRON POROSITY
402,HNPS,NEUTRON POROSITY
403,HNPSS,NEUTRON POROSITY
404,HTNP,NEUTRON POROSITY
405,HTNP_SAN,NEUTRON POROSITY
406,NCN,NEUTRON POROSITY
407,NCNL,NEUTRON POROSITY
408,NEU,NEUTRON POROSITY
409,NPHI,NEUTRON POROSITY
410,NPHI_SAN,NEUTRON POROSITY
411,NPHIS,NEUTRON POROSITY
412,NPHS,NEUTRON POROSITY
413,NPOR,NEUTRON POROSITY
414,NPOR_,NEUTRON POROSITY
415,NPOR_1,NEUTRON POROSITY
416,NPOR_SAN,NEUTRON POROSITY
417,NPORSS,NEUTRON POROSITY
418,NPRS,NEUTRON POROSITY
419,NPSS,NEUTRON POROSITY
420,NPSS_C,NEUTRON POROSITY
421,POS,NEUTRON POROSITY
422,PRON,NEUTRON POROSITY
423,QNP-1A,NEUTRON POROSITY
424,QNP-5A,NEUTRON POROSITY
425,RPOR,NEUTRON POROSITY
426,SNP,NEUTRON POROSITY
427,TNPH,NEUTRON POROSITY
428,TNPH_SAN,NEUTRON POROSITY
429,TNPH_SAN1,NEUTRON POROSITY
430,HNPH,NEUTRON POROSITY
431,ENPH,NEUTRON POROSITY
432,NPHI_S,NEUTRON POROSITY
433,APDC,NEUTRON POROSITY
434,APDU,NEUTRON POROSITY
435,APLC,NEUTRON POROSITY
436,APLU,NEUTRON POROSITY
437,CNCC,NEUTRON POROSITY
438,CNCD,NEUTRON POROSITY
439,CNCDL,NEUTRON POROSITY
440,CNCDLQH,NEUTRON POROSITY
441,CNCFDLQH,NEUTRON POROSITY
442,CNCF,NEUTRON POROSITY
443,CNCL,NEUTRON POROSITY
444,CNCLS,NEUTRON POROSITY
445,CNCLSQH,NEUTRON POROSITY
446,CNCQH,NEUTRON POROSITY
447,FPLC,NEUTRON POROSITY
448,FPMC,NEUTRON POROSITY
449,HADC,NEUTRON POROSITY
450,HALC,NEUTRON POROSITY
451,HHNP,NEUTRON POROSITY
452,HNPDL,NEUTRON POROSITY
453,HNPLS,NEUTRON POROSITY
454,HNPO_DOL,NEUTRON POROSITY
455,HNPO_LIM,NEUTRON POROSITY
456,HTNP_DOL,NEUTRON POROSITY
457,HTNP_LIM,NEUTRON POROSITY
458,NPDL,NEUTRON POROSITY
459,NPHI_DOL,NEUTRON POROSITY
460,NPHI_LIM,NEUTRON POROSITY
461,NPHID,NEUTRON POROSITY
462,NPHIL,NEUTRON POROSITY
463,NPHL,NEUTRON POROSITY
464,NPLS,NEUTRON POROSITY
465,NPOR_DOL,NEUTRON POROSITY
466,NPOR_LIM,NEUTRON POROSITY
467,NPORDL,NEUTRON POROSITY
468,NPORLS,NEUTRON POROSITY
469,NPRD,NEUTRON POROSITY
470,NPRL,NEUTRON POROSITY
471,POL,NEUTRON POROSITY
472,TNPH_DOL,NEUTRON POROSITY
473,TNPH_LIM,NEUTRON POROSITY
474,TPHC,NEUTRON POROSITY
475,2PEF,PHOTOELECTRIC EFFECT
476,HPEDN,PHOTOELECTRIC EFFECT
477,HPEF8,PHOTOELECTRIC EFFECT
478,PDPE,PHOTOELECTRIC EFFECT
479,PE,PHOTOELECTRIC EFFECT
480,PE2,PHOTOELECTRIC EFFECT
481,PE2QH,PHOTOELECTRIC EFFECT
482,PEDF,PHOTOELECTRIC EFFECT
483,PEDN,PHOTOELECTRIC EFFECT
484,PEF,PHOTOELECTRIC EFFECT
485,PEF_SLDT,PHOTOELECTRIC EFFECT
486,PEF_SLDT_HR,PHOTOELECTRIC EFFECT
487,PEF8,PHOTOELECTRIC EFFECT
488,PEFA,PHOTOELECTRIC EFFECT
489,PEFSA,PHOTOELECTRIC EFFECT
490,PEFZ,PHOTOELECTRIC EFFECT
491,PEQH,PHOTOELECTRIC EFFECT
492,SPEF,PHOTOELECTRIC EFFECT
493,HPEF,PHOTOELECTRIC EFFECT
494,HPEF,PHOTOELECTRIC EFFECT
495,PEFI,PHOTOELECTRIC EFFECT
496,PEFI,PHOTOELECTRIC EFFECT
497,PEFL,PHOTOELECTRIC EFFECT
498,PEFL,PHOTOELECTRIC EFFECT
499,LPE,PHOTOELECTRIC EFFECT
500,PEFS,PHOTOELECTRIC EFFECT
501,PEF_,PHOTOELECTRIC EFFECT
502,A22H,DEEP RESISTIVITY
503,A22H_,DEEP RESISTIVITY
504,A22H_UNC,DEEP RESISTIVITY
505,A28H,DEEP RESISTIVITY
506,A28H_,DEEP RESISTIVITY
507,A28H_UNC,DEEP RESISTIVITY
508,A34H,DEEP RESISTIVITY
509,A34H_,DEEP RESISTIVITY
510,A34H_UNC,DEEP RESISTIVITY
511,AF60,DEEP RESISTIVITY
512,AF90,DEEP RESISTIVITY
513,AFRT,DEEP RESISTIVITY
514,AHF60,DEEP RESISTIVITY
515,AHF90,DEEP RESISTIVITY
516,AHO60,DEEP RESISTIVITY
517,AHO90,DEEP RESISTIVITY
518,AHT60,DEEP RESISTIVITY
519,AHT90,DEEP RESISTIVITY
520,AHTRT,DEEP RESISTIVITY
521,AILD,DEEP RESISTIVITY
522,AIT,DEEP RESISTIVITY
523,AIT120,DEEP RESISTIVITY
524,AIT60,DEEP RESISTIVITY
525,AIT90,DEEP RESISTIVITY
526,AO12,DEEP RESISTIVITY
527,AO60,DEEP RESISTIVITY
528,AO90,DEEP RESISTIVITY
529,AORT,DEEP RESISTIVITY
530,ASF60,DEEP RESISTIVITY
531,ASF90,DEEP RESISTIVITY
532,ASO60,DEEP RESISTIVITY
533,ASO90,DEEP RESISTIVITY
534,AST60,DEEP RESISTIVITY
535,AST90,DEEP RESISTIVITY
536,AT60,DEEP RESISTIVITY
537,AT90,DEEP RESISTIVITY
538,ATRT,DEEP RESISTIVITY
539,DIPH,DEEP RESISTIVITY
540,DVR1,DEEP RESISTIVITY
541,DVR2,DEEP RESISTIVITY
542,DVR4,DEEP RESISTIVITY
543,FE2,DEEP RESISTIVITY
544,GRD,DEEP RESISTIVITY
545,HILD,DEEP RESISTIVITY
546,HLLD,DEEP RESISTIVITY
547,HRL4,DEEP RESISTIVITY
548,HRL5,DEEP RESISTIVITY
549,HRLD,DEEP RESISTIVITY
550,IDER,DEEP RESISTIVITY
551,IDPH,DEEP RESISTIVITY
552,IDVR,DEEP RESISTIVITY
553,IL,DEEP RESISTIVITY
554,ILD,DEEP RESISTIVITY
555,ILD2,DEEP RESISTIVITY
556,ILD4,DEEP RESISTIVITY
557,LL,DEEP RESISTIVITY
558,LL3,DEEP RESISTIVITY
559,LL7,DEEP RESISTIVITY
560,LLD,DEEP RESISTIVITY
561,LN,DEEP RESISTIVITY
562,M0R6,DEEP RESISTIVITY
563,M0R9,DEEP RESISTIVITY
564,M0RX,DEEP RESISTIVITY
565,M1R6,DEEP RESISTIVITY
566,M1R9,DEEP RESISTIVITY
567,M1RX,DEEP RESISTIVITY
568,M2R6,DEEP RESISTIVITY
569,M2R9,DEEP RESISTIVITY
570,M2RX,DEEP RESISTIVITY
571,M4R6,DEEP RESISTIVITY
572,M4R9,DEEP RESISTIVITY
573,M4RX,DEEP RESISTIVITY
574,P10H,DEEP RESISTIVITY
575,P10H_,DEEP RESISTIVITY
576,P10H_UNC,DEEP RESISTIVITY
577,P16H,DEEP RESISTIVITY
578,P16H_,DEEP RESISTIVITY
579,P16H_UNC,DEEP RESISTIVITY
580,P22H,DEEP RESISTIVITY
581,P22H_,DEEP RESISTIVITY
582,P22H_UNC,DEEP RESISTIVITY
583,P28H,DEEP RESISTIVITY
584,P28H_,DEEP RESISTIVITY
585,P28H_UNC,DEEP RESISTIVITY
586,P34H,DEEP RESISTIVITY
587,P34H_,DEEP RESISTIVITY
588,P34H_UNC,DEEP RESISTIVITY
589,RFOC,DEEP RESISTIVITY
590,RILD,DEEP RESISTIVITY
591,RIPD,DEEP RESISTIVITY
592,RLA1,DEEP RESISTIVITY
593,RLA2,DEEP RESISTIVITY
594,RLA3,DEEP RESISTIVITY
595,RLA4,DEEP RESISTIVITY
596,RLA5,DEEP RESISTIVITY
597,RLL3,DEEP RESISTIVITY
598,RLL4,DEEP RESISTIVITY
599,RLL5,DEEP RESISTIVITY
600,RT,DEEP RESISTIVITY
601,RT_HRLT,DEEP RESISTIVITY
602,VILD,DEEP RESISTIVITY
603,VP65,DEEP RESISTIVITY
604,VRSD,DEEP RESISTIVITY
605,ID40,DEEP RESISTIVITY
606,AIT6,DEEP RESISTIVITY
607,DDLL,DEEP RESISTIVITY
608,EIRD,DEEP RESISTIVITY
609,ID10,DEEP RESISTIVITY
610,ID20,DEEP RESISTIVITY
611,ID25,DEEP RESISTIVITY
612,ILD1,DEEP RESISTIVITY
613,LLG,DEEP RESISTIVITY
614,REID,DEEP RESISTIVITY
615,RLL,DEEP RESISTIVITY
616,AHF6,DEEP RESISTIVITY
617,AHF9,DEEP RESISTIVITY
618,AHO6,DEEP RESISTIVITY
619,AHO9,DEEP RESISTIVITY
620,AHOR,DEEP RESISTIVITY
621,AHT6,DEEP RESISTIVITY
622,AHT9,DEEP RESISTIVITY
623,AHTR,DEEP RESISTIVITY
624,AIT9,DEEP RESISTIVITY
625,AS60,DEEP RESISTIVITY
626,AS90,DEEP RESISTIVITY
627,ASF6,DEEP RESISTIVITY
628,ASF9,DEEP RESISTIVITY
629,ASFR,DEEP RESISTIVITY
630,ASRT,DEEP RESISTIVITY
631,AST6,DEEP RESISTIVITY
632,AST9,DEEP RESISTIVITY
633,ASTR,DEEP RESISTIVITY
634,HAT6,DEEP RESISTIVITY
635,HAT9,DEEP RESISTIVITY
636,HATR,DEEP RESISTIVITY
637,RLLD,DEEP RESISTIVITY
638,RT_H,DEEP RESISTIVITY
639,AC90,DEEP RESISTIVITY
640,AF6C,DEEP RESISTIVITY
641,AF9C,DEEP RESISTIVITY
642,AFCO,DEEP RESISTIVITY
643,AHFC,DEEP RESISTIVITY
644,AHFCO,DEEP RESISTIVITY
645,AHFCO60,DEEP RESISTIVITY
646,AHFCO90,DEEP RESISTIVITY
647,AHOC,DEEP RESISTIVITY
648,AHOCO60,DEEP RESISTIVITY
649,AHOCO90,DEEP RESISTIVITY
650,AHTC,DEEP RESISTIVITY
651,AHTCO,DEEP RESISTIVITY
652,AHTCO60,DEEP RESISTIVITY
653,AHTCO90,DEEP RESISTIVITY
654,AO6C,DEEP RESISTIVITY
655,AO9C,DEEP RESISTIVITY
656,AOCO,DEEP RESISTIVITY
657,AS9C,DEEP RESISTIVITY
658,ASCO,DEEP RESISTIVITY
659,ASTC,DEEP RESISTIVITY
660,ASFC,DEEP RESISTIVITY
661,ASFCO60,DEEP RESISTIVITY
662,ASFCO90,DEEP RESISTIVITY
663,ASOCO90,DEEP RESISTIVITY
664,ASTCO90,DEEP RESISTIVITY
665,AT6C,DEEP RESISTIVITY
666,AT9C,DEEP RESISTIVITY
667,ATCO,DEEP RESISTIVITY
668,CFOC,DEEP RESISTIVITY
669,CHTZ,DEEP RESISTIVITY
670,CIDP,DEEP RESISTIVITY
671,CIDQ,DEEP RESISTIVITY
672,CIDR,DEEP RESISTIVITY
673,CIL,DEEP RESISTIVITY
674,CILD,DEEP RESISTIVITY
675,CIPD,DEEP RESISTIVITY
676,CLLD,DEEP RESISTIVITY
677,COND,DEEP RESISTIVITY
678,DVC1,DEEP RESISTIVITY
679,DVC2,DEEP RESISTIVITY
680,DVC4,DEEP RESISTIVITY
681,FC,DEEP RESISTIVITY
682,M0CX,DEEP RESISTIVITY
683,M1CX,DEEP RESISTIVITY
684,M2CC9,DEEP RESISTIVITY
685,M2CCX,DEEP RESISTIVITY
686,M2CX,DEEP RESISTIVITY
687,M4CCX,DEEP RESISTIVITY
688,M4CX,DEEP RESISTIVITY
689,MVC2,DEEP RESISTIVITY
690,P34H_COND,DEEP RESISTIVITY
691,AF30,MEDIUM RESISTIVITY
692,AHF30,MEDIUM RESISTIVITY
693,AHO30,MEDIUM RESISTIVITY
694,AHT30,MEDIUM RESISTIVITY
695,AIT30,MEDIUM RESISTIVITY
696,AO30,MEDIUM RESISTIVITY
697,ASF30,MEDIUM RESISTIVITY
698,ASO30,MEDIUM RESISTIVITY
699,AST30,MEDIUM RESISTIVITY
700,AT30,MEDIUM RESISTIVITY
701,HILM,MEDIUM RESISTIVITY
702,HLLS,MEDIUM RESISTIVITY
703,HRL3,MEDIUM RESISTIVITY
704,ILM,MEDIUM RESISTIVITY
705,ILM2,MEDIUM RESISTIVITY
706,ILM4,MEDIUM RESISTIVITY
707,IM,MEDIUM RESISTIVITY
708,IMER,MEDIUM RESISTIVITY
709,IMPH,MEDIUM RESISTIVITY
710,IMVR,MEDIUM RESISTIVITY
711,LLS,MEDIUM RESISTIVITY
712,M0R3,MEDIUM RESISTIVITY
713,M1R3,MEDIUM RESISTIVITY
714,M2R3,MEDIUM RESISTIVITY
715,M4R3,MEDIUM RESISTIVITY
716,MVR1,MEDIUM RESISTIVITY
717,MVR2,MEDIUM RESISTIVITY
718,MVR4,MEDIUM RESISTIVITY
719,RILM,MEDIUM RESISTIVITY
720,RIPM,MEDIUM RESISTIVITY
721,RPCL,MEDIUM RESISTIVITY
722,VILM,MEDIUM RESISTIVITY
723,VP25,MEDIUM RESISTIVITY
724,AE60,MEDIUM RESISTIVITY
725,ILD25,MEDIUM RESISTIVITY
726,ILM1,MEDIUM RESISTIVITY
727,ILM25,MEDIUM RESISTIVITY
728,IM10,MEDIUM RESISTIVITY
729,IM20,MEDIUM RESISTIVITY
730,IM25,MEDIUM RESISTIVITY
731,IM40,MEDIUM RESISTIVITY
732,PIRM,MEDIUM RESISTIVITY
733,REIM,MEDIUM RESISTIVITY
734,DSLL,MEDIUM RESISTIVITY
735,AIT3,MEDIUM RESISTIVITY
736,AHF3,MEDIUM RESISTIVITY
737,AHO3,MEDIUM RESISTIVITY
738,AHT3,MEDIUM RESISTIVITY
739,AS30,MEDIUM RESISTIVITY
740,ASF3,MEDIUM RESISTIVITY
741,AST3,MEDIUM RESISTIVITY
742,HAT3,MEDIUM RESISTIVITY
743,RLLS,MEDIUM RESISTIVITY
744,CILM,MEDIUM RESISTIVITY
745,CIMQ,MEDIUM RESISTIVITY
746,CIMR,MEDIUM RESISTIVITY
747,CIPM,MEDIUM RESISTIVITY
748,RMLL,MEDIUM RESISTIVITY
749,AF10,SHALLOW RESISTIVITY
750,AF20,SHALLOW RESISTIVITY
751,AFRX,SHALLOW RESISTIVITY
752,AHF10,SHALLOW RESISTIVITY
753,AHF20,SHALLOW RESISTIVITY
754,AHO10,SHALLOW RESISTIVITY
755,AHO20,SHALLOW RESISTIVITY
756,AHSFI,SHALLOW RESISTIVITY
757,AHT10,SHALLOW RESISTIVITY
758,AHT20,SHALLOW RESISTIVITY
759,AHTRX,SHALLOW RESISTIVITY
760,AIT10,SHALLOW RESISTIVITY
761,AIT20,SHALLOW RESISTIVITY
762,AO10,SHALLOW RESISTIVITY
763,AO20,SHALLOW RESISTIVITY
764,AORX,SHALLOW RESISTIVITY
765,ASF10,SHALLOW RESISTIVITY
766,ASF20,SHALLOW RESISTIVITY
767,ASFI,SHALLOW RESISTIVITY
768,ASFL,SHALLOW RESISTIVITY
769,ASN,SHALLOW RESISTIVITY
770,ASO10,SHALLOW RESISTIVITY
771,ASO20,SHALLOW RESISTIVITY
772,AST10,SHALLOW RESISTIVITY
773,AST20,SHALLOW RESISTIVITY
774,AT10,SHALLOW RESISTIVITY
775,AT12,SHALLOW RESISTIVITY
776,AT20,SHALLOW RESISTIVITY
777,ATRX,SHALLOW RESISTIVITY
778,FE1,SHALLOW RESISTIVITY
779,FEFE,SHALLOW RESISTIVITY
780,FR,SHALLOW RESISTIVITY
781,FRA,SHALLOW RESISTIVITY
782,HRL1,SHALLOW RESISTIVITY
783,HRL2,SHALLOW RESISTIVITY
784,HRLS,SHALLOW RESISTIVITY
785,HSFLU,SHALLOW RESISTIVITY
786,ILS,SHALLOW RESISTIVITY
787,LL8,SHALLOW RESISTIVITY
788,LLA,SHALLOW RESISTIVITY
789,M0R1,SHALLOW RESISTIVITY
790,M0R2,SHALLOW RESISTIVITY
791,M1R1,SHALLOW RESISTIVITY
792,M1R2,SHALLOW RESISTIVITY
793,M2R1,SHALLOW RESISTIVITY
794,M2R2,SHALLOW RESISTIVITY
795,M4R1,SHALLOW RESISTIVITY
796,M4R2,SHALLOW RESISTIVITY
797,MFR,SHALLOW RESISTIVITY
798,MLL,SHALLOW RESISTIVITY
799,MSFL,SHALLOW RESISTIVITY
800,PSHG,SHALLOW RESISTIVITY
801,RES,SHALLOW RESISTIVITY
802,RESS,SHALLOW RESISTIVITY
803,RILS,SHALLOW RESISTIVITY
804,RLL1,SHALLOW RESISTIVITY
805,RLL2,SHALLOW RESISTIVITY
806,RS,SHALLOW RESISTIVITY
807,RSFE,SHALLOW RESISTIVITY
808,RSFL,SHALLOW RESISTIVITY
809,RSG,SHALLOW RESISTIVITY
810,RXO,SHALLOW RESISTIVITY
811,RXO_HRLT,SHALLOW RESISTIVITY
812,RXO1D,SHALLOW RESISTIVITY
813,RXO8,SHALLOW RESISTIVITY
814,RXOI,SHALLOW RESISTIVITY
815,RXOZ,SHALLOW RESISTIVITY
816,SFBC,SHALLOW RESISTIVITY
817,SFL,SHALLOW RESISTIVITY
818,SFL4,SHALLOW RESISTIVITY
819,SFLA,SHALLOW RESISTIVITY
820,SFLR,SHALLOW RESISTIVITY
821,SFLU,SHALLOW RESISTIVITY
822,SN,SHALLOW RESISTIVITY
823,AE20,SHALLOW RESISTIVITY
824,AE30,SHALLOW RESISTIVITY
825,AHF1,SHALLOW RESISTIVITY
826,AHF2,SHALLOW RESISTIVITY
827,AHO1,SHALLOW RESISTIVITY
828,AHO2,SHALLOW RESISTIVITY
829,AHT1,SHALLOW RESISTIVITY
830,AHT2,SHALLOW RESISTIVITY
831,AS10,SHALLOW RESISTIVITY
832,AS20,SHALLOW RESISTIVITY
833,ASF1,SHALLOW RESISTIVITY
834,ASF2,SHALLOW RESISTIVITY
835,ASRX,SHALLOW RESISTIVITY
836,AST1,SHALLOW RESISTIVITY
837,AST2,SHALLOW RESISTIVITY
838,HAT1,SHALLOW RESISTIVITY
839,HAT2,SHALLOW RESISTIVITY
840,HSFL,SHALLOW RESISTIVITY
841,MSFF,SHALLOW RESISTIVITY
842,RXOH,SHALLOW RESISTIVITY
843,CSFL,SHALLOW RESISTIVITY
844,MCON,SHALLOW RESISTIVITY
845,HSP,SPONTANEOUS POTENTIAL
846,PCH1,SPONTANEOUS POTENTIAL
847,SP,SPONTANEOUS POTENTIAL
848,SPBR,SPONTANEOUS POTENTIAL
849,SPC,SPONTANEOUS POTENTIAL
850,SPCG,SPONTANEOUS POTENTIAL
851,SPD,SPONTANEOUS POTENTIAL
852,SPDF,SPONTANEOUS POTENTIAL
853,SPDH,SPONTANEOUS POTENTIAL
854,SPH,SPONTANEOUS POTENTIAL
855,SPP,SPONTANEOUS POTENTIAL
856,SPSB,SPONTANEOUS POTENTIAL
857,SSPK,SPONTANEOUS POTENTIAL
858,SPS,SPONTANEOUS POTENTIAL
859,AHSC,SPONTANEOUS POTENTIAL
860,AHSF,SPONTANEOUS POTENTIAL
861,SPA_,SPONTANEOUS POTENTIAL
862,SP_S,SPONTANEOUS POTENTIAL
863,C1,CALIPER
864,C2,CALIPER
865,CAL,CALIPER
866,CAL1,CALIPER
867,CAL2,CALIPER
868,CAL3,CALIPER
869,CALA,CALIPER
870,CALE,CALIPER
871,CALI,CALIPER
872,CALI_SPCS,CALIPER
873,CALM,CALIPER
874,CALS,CALIPER
875,CALT,CALIPER
876,CALX,CALIPER
877,DCAL,CALIPER
878,HCAL,CALIPER
879,HD,CALIPER
880,HD1,CALIPER
881,HD2,CALIPER
882,HD3,CALIPER
883,HDAR,CALIPER
884,HDIA,CALIPER
885,HDMI,CALIPER
886,HDMX,CALIPER
887,HLCA,CALIPER
888,LCAL,CALIPER
889,MCAL,CALIPER
890,SA,CALIPER
891,C3,CALIPER
892,DRH,DENSITY CORRECTION
893,DRHO,DENSITY CORRECTION
894,HBDC,DENSITY CORRECTION
895,HDRA,DENSITY CORRECTION
896,HDRH,DENSITY CORRECTION
897,DT,SONIC TRAVEL TIME
898,DT4P,SONIC TRAVEL TIME
899,DT5,SONIC TRAVEL TIME
900,DTC,SONIC TRAVEL TIME
901,DTCO,SONIC TRAVEL TIME
902,DTL,SONIC TRAVEL TIME
903,DTLF,SONIC TRAVEL TIME
904,DTMX,SONIC TRAVEL TIME
905,DTP,SONIC TRAVEL TIME
906,DTSC,SONIC TRAVEL TIME
907,AC1,SONIC TRAVEL TIME
908,DT4S,SHEAR SONIC
909,SPHI,SONIC POROSITY
910,TPHI,SONIC POROSITY
911,CGR,GAMMA RAY
912,ECGR,GAMMA RAY
913,EHGR,GAMMA RAY
914,G,GAMMA RAY
915,GR,GAMMA RAY
916,GR,GAMMA RAY
917,GR_ARC_FILT,GAMMA RAY
918,GR_STGC,GAMMA RAY
919,GR1,GAMMA RAY
920,GR2,GAMMA RAY
921,GRC,GAMMA RAY
922,GRCO,GAMMA RAY
923,GRDE,GAMMA RAY
924,GRML,GAMMA RAY
925,GRN,GAMMA RAY
926,GRP,GAMMA RAY
927,GRR,GAMMA RAY
928,HCGR,GAMMA RAY
929,HGR,GAMMA RAY
930,HGR_STGC,GAMMA RAY
931,HSGR,GAMMA RAY
932,MGR,GAMMA RAY
933,P01LGR,GAMMA RAY
934,P02LGR,GAMMA RAY
935,P03LGR,GAMMA RAY
936,RGR,GAMMA RAY
937,SGR,GAMMA RAY
938,GRM1,GAMMA RAY
939,POTA,SPECTRAL GAMMA RAY
940,HPOT,SPECTRAL GAMMA RAY
941,TH,SPECTRAL GAMMA RAY
942,HTHO,SPECTRAL GAMMA RAY
943,THOR,SPECTRAL GAMMA RAY
944,HURA,SPECTRAL GAMMA RAY
945,U,SPECTRAL GAMMA RAY
946,URAN,SPECTRAL GAMMA RAY
947,UZ,SPECTRAL GAMMA RAY
948,APSC,DENSITY POROSITY
949,DNPH,DENSITY POROSITY
950,DPH8,DENSITY POROSITY
951,DPHI,DENSITY POROSITY
952,DPHI_SAN,DENSITY POROSITY
953,DPHI_SLDT,DENSITY POROSITY
954,DPHI_SLDT_HR,DENSITY POROSITY
955,DPHZ,DENSITY POROSITY
956,DPO,DENSITY POROSITY
957,DPOR,DENSITY POROSITY
958,DPSS,DENSITY POROSITY
959,HDPH,DENSITY POROSITY
960,HDPH_SAN,DENSITY POROSITY
961,HDPO,DENSITY POROSITY
962,HFSC,DENSITY POROSITY
963,NDPH,DENSITY POROSITY
964,PDS,DENSITY POROSITY
965,PXND,DENSITY POROSITY
966,DEN,DENSITY POROSITY
967,DENB,DENSITY POROSITY
968,HNDP,DENSITY POROSITY
969,HRHO,BULK DENSITY
970,HROM,BULK DENSITY
971,NRHB,BULK DENSITY
972,NRHO,BULK DENSITY
973,RHO8,DENSITY POROSITY
974,RHOB,BULK DENSITY
975,RHOB_SLDT,BULK DENSITY
976,RHOI,DENSITY POROSITY
977,RHOM,BULK DENSITY
978,RHOS,BULK DENSITY
979,RHOZ,DENSITY POROSITY
980,RHL,BULK DENSITY
981,RHS3,BULK DENSITY
982,RHS4,BULK DENSITY
983,DPHI_DOL,DENSITY POROSITY
984,DPHI_LIM,DENSITY POROSITY
985,DPHL,DENSITY POROSITY
986,DPLS,DENSITY POROSITY
987,HDPH_DOL,DENSITY POROSITY
988,HDPH_LIM,DENSITY POROSITY
989,HFLC,DENSITY POROSITY
990,PDD,DENSITY POROSITY
991,PDL,DENSITY POROSITY
992,CNC,NEUTRON POROSITY
993,FPSC,NEUTRON POROSITY
994,HASC,NEUTRON POROSITY
995,HNPO,NEUTRON POROSITY
996,HNPO_SAN,NEUTRON POROSITY
997,HTNP,NEUTRON POROSITY
998,HTNP_SAN,NEUTRON POROSITY
999,NCNL,NEUTRON POROSITY
1000,NPHI,NEUTRON POROSITY
1001,NPHI_SAN,NEUTRON POROSITY
1002,NPOR,NEUTRON POROSITY
1003,NPOR_SAN,NEUTRON POROSITY
1004,PRON,NEUTRON POROSITY
1005,SNP,NEUTRON POROSITY
1006,TNPH,NEUTRON POROSITY
1007,TNPH_SAN,NEUTRON POROSITY
1008,ENPH,NEUTRON POROSITY
1009,APDC,NEUTRON POROSITY
1010,APLC,NEUTRON POROSITY
1011,APLU,NEUTRON POROSITY
1012,FPLC,NEUTRON POROSITY
1013,FPMC,NEUTRON POROSITY
1014,HADC,NEUTRON POROSITY
1015,HALC,NEUTRON POROSITY
1016,HNPO_DOL,NEUTRON POROSITY
1017,HNPO_LIM,NEUTRON POROSITY
1018,HTNP_DOL,NEUTRON POROSITY
1019,HTNP_LIM,NEUTRON POROSITY
1020,NPHI_DOL,NEUTRON POROSITY
1021,NPHI_LIM,NEUTRON POROSITY
1022,NPOR_DOL,NEUTRON POROSITY
1023,NPOR_LIM,NEUTRON POROSITY
1024,TNPH_DOL,NEUTRON POROSITY
1025,TNPH_LIM,NEUTRON POROSITY
1026,TPHC,NEUTRON POROSITY
1027,PEF,PHOTOELECTRIC EFFECT
1028,PEF_SLDT,PHOTOELECTRIC EFFECT
1029,PEF_SLDT_HR,PHOTOELECTRIC EFFECT
1030,PEF8,PHOTOELECTRIC EFFECT
1031,PEFA,PHOTOELECTRIC EFFECT
1032,PEFSA,PHOTOELECTRIC EFFECT
1033,PEFZ,PHOTOELECTRIC EFFECT
1034,SPEF,PHOTOELECTRIC EFFECT
1035,HPEF,PHOTOELECTRIC EFFECT
1036,HPEF,PHOTOELECTRIC EFFECT
1037,PEFI,PHOTOELECTRIC EFFECT
1038,PEFI,PHOTOELECTRIC EFFECT
1039,PEFL,PHOTOELECTRIC EFFECT
1040,PEFL,PHOTOELECTRIC EFFECT
1041,LPE,PHOTOELECTRIC EFFECT
1042,PEFS,PHOTOELECTRIC EFFECT
1043,A22H,DEEP RESISTIVITY
1044,A22H_UNC,DEEP RESISTIVITY
1045,A28H,DEEP RESISTIVITY
1046,A28H_UNC,DEEP RESISTIVITY
1047,A34H,DEEP RESISTIVITY
1048,A34H_UNC,DEEP RESISTIVITY
1049,AF60,DEEP RESISTIVITY
1050,AF90,DEEP RESISTIVITY
1051,AFRT,DEEP RESISTIVITY
1052,AHF60,DEEP RESISTIVITY
1053,AHF90,DEEP RESISTIVITY
1054,AHO60,DEEP RESISTIVITY
1055,AHO90,DEEP RESISTIVITY
1056,AHT60,DEEP RESISTIVITY
1057,AHT90,DEEP RESISTIVITY
1058,AHTRT,DEEP RESISTIVITY
1059,AO60,DEEP RESISTIVITY
1060,AO90,DEEP RESISTIVITY
1061,AORT,DEEP RESISTIVITY
1062,ASF60,DEEP RESISTIVITY
1063,ASF90,DEEP RESISTIVITY
1064,ASO60,DEEP RESISTIVITY
1065,ASO90,DEEP RESISTIVITY
1066,AST60,DEEP RESISTIVITY
1067,AST90,DEEP RESISTIVITY
1068,AT60,DEEP RESISTIVITY
1069,AT90,DEEP RESISTIVITY
1070,ATRT,DEEP RESISTIVITY
1071,DIPH,DEEP RESISTIVITY
1072,FE2,DEEP RESISTIVITY
1073,HLLD,DEEP RESISTIVITY
1074,HRLD,DEEP RESISTIVITY
1075,IDER,DEEP RESISTIVITY
1076,IDPH,DEEP RESISTIVITY
1077,IDVR,DEEP RESISTIVITY
1078,IL,DEEP RESISTIVITY
1079,ILD,DEEP RESISTIVITY
1080,ILD2,DEEP RESISTIVITY
1081,ILD4,DEEP RESISTIVITY
1082,LL,DEEP RESISTIVITY
1083,LL3,DEEP RESISTIVITY
1084,LL7,DEEP RESISTIVITY
1085,LLD,DEEP RESISTIVITY
1086,LN,DEEP RESISTIVITY
1087,P10H,DEEP RESISTIVITY
1088,P10H_UNC,DEEP RESISTIVITY
1089,P16H,DEEP RESISTIVITY
1090,P16H_UNC,DEEP RESISTIVITY
1091,P22H,DEEP RESISTIVITY
1092,P22H_UNC,DEEP RESISTIVITY
1093,P28H,DEEP RESISTIVITY
1094,P28H_UNC,DEEP RESISTIVITY
1095,P34H,DEEP RESISTIVITY
1096,P34H_UNC,DEEP RESISTIVITY
1097,RFOC,DEEP RESISTIVITY
1098,RILD,DEEP RESISTIVITY
1099,RLA1,DEEP RESISTIVITY
1100,RLA2,DEEP RESISTIVITY
1101,RLA3,DEEP RESISTIVITY
1102,RLA4,DEEP RESISTIVITY
1103,RLA5,DEEP RESISTIVITY
1104,RT,DEEP RESISTIVITY
1105,RT_HRLT,DEEP RESISTIVITY
1106,AIT6,DEEP RESISTIVITY
1107,LLG,DEEP RESISTIVITY
1108,RLL,DEEP RESISTIVITY
1109,AIT9,DEEP RESISTIVITY
1110,AFCO,DEEP RESISTIVITY
1111,AHFCO,DEEP RESISTIVITY
1112,AHFCO60,DEEP RESISTIVITY
1113,AHFCO90,DEEP RESISTIVITY
1114,AHOCO60,DEEP RESISTIVITY
1115,AHOCO90,DEEP RESISTIVITY
1116,AHTCO,DEEP RESISTIVITY
1117,AHTCO60,DEEP RESISTIVITY
1118,AHTCO90,DEEP RESISTIVITY
1119,AOCO,DEEP RESISTIVITY
1120,ASFCO60,DEEP RESISTIVITY
1121,ASFCO90,DEEP RESISTIVITY
1122,ASOCO90,DEEP RESISTIVITY
1123,ASTCO90,DEEP RESISTIVITY
1124,ATCO,DEEP RESISTIVITY
1125,CIDP,DEEP RESISTIVITY
1126,CILD,DEEP RESISTIVITY
1127,CLLD,DEEP RESISTIVITY
1128,COND,DEEP RESISTIVITY
1129,FC,DEEP RESISTIVITY
1130,P34H_COND,DEEP RESISTIVITY
1131,AF30,MEDIUM RESISTIVITY
1132,AHF30,MEDIUM RESISTIVITY
1133,AHO30,MEDIUM RESISTIVITY
1134,AHT30,MEDIUM RESISTIVITY
1135,AO30,MEDIUM RESISTIVITY
1136,ASF30,MEDIUM RESISTIVITY
1137,ASO30,MEDIUM RESISTIVITY
1138,AST30,MEDIUM RESISTIVITY
1139,AT30,MEDIUM RESISTIVITY
1140,HLLS,MEDIUM RESISTIVITY
1141,ILM,MEDIUM RESISTIVITY
1142,ILM2,MEDIUM RESISTIVITY
1143,ILM4,MEDIUM RESISTIVITY
1144,IMER,MEDIUM RESISTIVITY
1145,IMPH,MEDIUM RESISTIVITY
1146,IMVR,MEDIUM RESISTIVITY
1147,LLS,MEDIUM RESISTIVITY
1148,RILM,MEDIUM RESISTIVITY
1149,AE60,MEDIUM RESISTIVITY
1150,AIT3,MEDIUM RESISTIVITY
1151,CILM,MEDIUM RESISTIVITY
1152,AF10,SHALLOW RESISTIVITY
1153,AF20,SHALLOW RESISTIVITY
1154,AFRX,SHALLOW RESISTIVITY
1155,AHF10,SHALLOW RESISTIVITY
1156,AHF20,SHALLOW RESISTIVITY
1157,AHO10,SHALLOW RESISTIVITY
1158,AHO20,SHALLOW RESISTIVITY
1159,AHSFI,SHALLOW RESISTIVITY
1160,AHT10,SHALLOW RESISTIVITY
1161,AHT20,SHALLOW RESISTIVITY
1162,AHTRX,SHALLOW RESISTIVITY
1163,AO10,SHALLOW RESISTIVITY
1164,AO20,SHALLOW RESISTIVITY
1165,AORX,SHALLOW RESISTIVITY
1166,ASF10,SHALLOW RESISTIVITY
1167,ASF20,SHALLOW RESISTIVITY
1168,ASFI,SHALLOW RESISTIVITY
1169,ASN,SHALLOW RESISTIVITY
1170,ASO10,SHALLOW RESISTIVITY
1171,ASO20,SHALLOW RESISTIVITY
1172,AST10,SHALLOW RESISTIVITY
1173,AST20,SHALLOW RESISTIVITY
1174,AT10,SHALLOW RESISTIVITY
1175,AT20,SHALLOW RESISTIVITY
1176,ATRX,SHALLOW RESISTIVITY
1177,FE1,SHALLOW RESISTIVITY
1178,HRLS,SHALLOW RESISTIVITY
1179,LL8,SHALLOW RESISTIVITY
1180,MFR,SHALLOW RESISTIVITY
1181,MLL,SHALLOW RESISTIVITY
1182,MSFL,SHALLOW RESISTIVITY
1183,RSFL,SHALLOW RESISTIVITY
1184,RXO,SHALLOW RESISTIVITY
1185,RXO_HRLT,SHALLOW RESISTIVITY
1186,RXO8,SHALLOW RESISTIVITY
1187,RXOI,SHALLOW RESISTIVITY
1188,RXOZ,SHALLOW RESISTIVITY
1189,SFBC,SHALLOW RESISTIVITY
1190,SFL,SHALLOW RESISTIVITY
1191,SFLA,SHALLOW RESISTIVITY
1192,SFLR,SHALLOW RESISTIVITY
1193,SFLU,SHALLOW RESISTIVITY
1194,SN,SHALLOW RESISTIVITY
1195,AE20,SHALLOW RESISTIVITY
1196,AE30,SHALLOW RESISTIVITY
1197,CSFL,SHALLOW RESISTIVITY
1198,SP,SPONTANEOUS POTENTIAL
1199,SPC,SPONTANEOUS POTENTIAL
1200,SPD,SPONTANEOUS POTENTIAL
1201,SPDF,SPONTANEOUS POTENTIAL
1202,SPP,SPONTANEOUS POTENTIAL
1203,ACAL1,CALIPER
1204,ACAL2,CALIPER
1205,ACAL2_SL,CALIPER
1206,ACAL1_SL,CALIPER
1207,C1,CALIPER
1208,C1_13,CALIPER
1209,C1_24,CALIPER
1210,C1_NCMT,CALIPER
1211,C1_OBMT,CALIPER
1212,C1_OBMT_2,CALIPER
1213,C1_X,CALIPER
1214,C1_Y,CALIPER
1215,C1AZ,CALIPER
1216,C1RB,CALIPER
1217,C1S,CALIPER
1218,C2,CALIPER
1219,C2_13,CALIPER
1220,C2_24,CALIPER
1221,C2_NCMT,CALIPER
1222,C2_OBMT,CALIPER
1223,C2_OBMT_2,CALIPER
1224,C2_X,CALIPER
1225,C2_Y,CALIPER
1226,C2HP_13,CALIPER
1227,C2HP_24,CALIPER
1228,C2S,CALIPER
1229,CAL1,CALIPER
1230,CAL2,CALIPER
1231,CAL3,CALIPER
1232,CAL4,CALIPER
1233,CAL5,CALIPER
1234,CAL6,CALIPER
1235,CAL7,CALIPER
1236,CAL8,CALIPER
1237,CALE,CALIPER
1238,CALE_ARC,CALIPER
1239,CALI,CALIPER
1240,CALI_ADT,CALIPER
1241,CALI_BHC_INCP,CALIPER
1242,CALI_ES,CALIPER
1243,CALI_FSI,CALIPER
1244,CALI_FSI_SL,CALIPER
1245,CALI_QSCS,CALIPER
1246,CALI_SPCS,CALIPER
1247,CALI_TL,CALIPER
1248,CALI_US,CALIPER
1249,CALQ,CALIPER
1250,CALS,CALIPER
1251,CAR1,CALIPER
1252,CAR2,CALIPER
1253,CAR3,CALIPER
1254,CAR4,CALIPER
1255,DCAL,CALIPER
1256,DCAL_CDN,CALIPER
1257,DCAL_ADN_RT,CALIPER
1258,DCAL_CDN_RT,CALIPER
1259,DCAL_BHC_INCP,CALIPER
1260,HCAL,CALIPER
1261,HCAL_ADT,CALIPER
1262,HDEB,CALIPER
1263,HD_INVERT_FILTER,CALIPER
1264,HD_UNCERT,CALIPER
1265,HDRB,CALIPER
1266,HDRH,CALIPER
1267,HDAV,CALIPER
1268,HDC1,CALIPER
1269,HLCA,CALIPER
1270,LCAL,CALIPER
1271,MCAL,CALIPER
1272,C3_13,CALIPER
1273,C3_24,CALIPER
1274,C3HP_13,CALIPER
1275,C3HP_24,CALIPER
1276,DCAV,DENSITY CORRECTION
1277,DCAV_DH_ECO_RT,DENSITY CORRECTION
1278,DCAV_RT,DENSITY CORRECTION
1279,DCAV_WDP,DENSITY CORRECTION
